Date,High,Low,Open,Close,Volume,Adj Close
2013-11-18,50.0,47.4900016784668,49.75,48.47999954223633,587100.0,46.80250549316406
2013-11-19,49.0,45.29999923706055,48.9900016784668,45.79999923706055,1682000.0,44.215240478515625
2013-11-20,46.0,43.9900016784668,45.97999954223633,44.650001525878906,1106900.0,43.10503005981445
2013-11-21,45.150001525878906,43.040000915527344,44.5,43.790000915527344,730200.0,42.2747917175293
2013-11-22,44.099998474121094,43.25,43.900001525878906,43.9900016784668,947600.0,42.467864990234375
2013-11-25,45.619998931884766,43.70000076293945,44.279998779296875,44.18000030517578,727300.0,42.651302337646484
2013-11-26,45.0,43.040000915527344,45.0,43.20000076293945,873700.0,41.70520782470703
2013-11-27,43.54999923706055,42.5,43.54999923706055,43.2400016784668,1153300.0,41.74382781982422
2013-11-29,43.849998474121094,42.75,42.75,43.2400016784668,949900.0,41.74382781982422
2013-12-02,43.66999816894531,41.52000045776367,43.08000183105469,43.13999938964844,5130700.0,41.64727783203125
2013-12-03,44.849998474121094,42.70000076293945,42.79999923706055,42.900001525878906,3239300.0,41.41558837890625
2013-12-04,42.61000061035156,41.650001525878906,42.43000030517578,41.83000183105469,2777700.0,40.38261413574219
2013-12-05,42.279998779296875,40.630001068115234,42.279998779296875,41.04999923706055,3380500.0,39.62960433959961
2013-12-06,41.060001373291016,40.63999938964844,40.75,40.70000076293945,4662300.0,39.29170608520508
2013-12-09,41.27000045776367,40.2400016784668,40.70000076293945,41.18000030517578,3074000.0,39.75511169433594
2013-12-10,42.84000015258789,41.040000915527344,41.06999969482422,42.560001373291016,3289400.0,41.087345123291016
2013-12-11,43.02000045776367,42.0,42.31999969482422,42.459999084472656,3367300.0,40.990806579589844
2013-12-12,43.099998474121094,42.0,42.0099983215332,42.970001220703125,1770500.0,41.48316192626953
2013-12-13,43.79999923706055,42.91999816894531,42.91999816894531,43.25,683800.0,41.753475189208984
2013-12-16,43.9900016784668,42.11000061035156,43.0099983215332,43.689998626708984,1953900.0,42.178245544433594
2013-12-17,44.0,43.15999984741211,43.43000030517578,43.75,1396700.0,42.236175537109375
2013-12-18,44.5,43.099998474121094,43.650001525878906,44.27000045776367,1225200.0,42.738182067871094
2013-12-19,44.5,43.81999969482422,43.959999084472656,44.45000076293945,593000.0,42.91196060180664
2013-12-20,44.45000076293945,43.90999984741211,44.29999923706055,44.2599983215332,2878600.0,42.7285270690918
2013-12-23,44.849998474121094,43.54999923706055,44.16999816894531,44.650001525878906,773600.0,43.10503005981445
2013-12-24,45.02000045776367,44.25,44.7599983215332,44.58000183105469,304700.0,43.03746032714844
2013-12-26,45.0099983215332,44.439998626708984,44.86000061035156,44.70000076293945,513200.0,43.15330123901367
2013-12-27,44.970001220703125,44.09000015258789,44.77000045776367,44.63999938964844,393300.0,43.09537887573242
2013-12-30,44.880001068115234,44.0,44.45000076293945,44.119998931884766,381500.0,42.59336471557617
2013-12-31,44.5,43.7599983215332,44.22999954223633,44.189998626708984,874200.0,42.660945892333984
2014-01-02,44.18000030517578,43.27000045776367,44.08000183105469,43.650001525878906,992900.0,42.139625549316406
2014-01-03,44.31999969482422,43.16999816894531,43.56999969482422,43.959999084472656,378400.0,42.43890380859375
2014-01-06,43.97999954223633,43.369998931884766,43.970001220703125,43.68000030517578,597800.0,42.16859817504883
2014-01-07,43.97999954223633,42.15999984741211,42.15999984741211,43.869998931884766,1371300.0,42.35202407836914
2014-01-08,44.36000061035156,43.400001525878906,44.02000045776367,43.880001068115234,1407100.0,42.361690521240234
2014-01-09,44.25,43.84000015258789,43.88999938964844,44.130001068115234,1093500.0,42.60302734375
2014-01-10,46.08000183105469,44.02000045776367,44.16999816894531,45.72999954223633,2008600.0,44.147666931152344
2014-01-13,47.439998626708984,45.20000076293945,45.70000076293945,47.040000915527344,2278500.0,45.41234588623047
2014-01-14,47.88999938964844,46.90999984741211,47.15999984741211,47.79999923706055,2338200.0,46.146034240722656
2014-01-15,49.189998626708984,47.2599983215332,47.970001220703125,47.5,1733000.0,45.856422424316406
2014-01-16,47.68000030517578,47.040000915527344,47.279998779296875,47.400001525878906,1178700.0,45.75988006591797
2014-01-17,48.2400016784668,47.0,47.52000045776367,48.0,1572100.0,46.33911895751953
2014-01-21,49.380001068115234,47.939998626708984,49.380001068115234,48.16999816894531,1570400.0,46.50322723388672
2014-01-22,49.15999984741211,48.08000183105469,48.11000061035156,48.5099983215332,682200.0,46.83147048950195
2014-01-23,48.68000030517578,47.58000183105469,48.68000030517578,47.720001220703125,867600.0,46.06880569458008
2014-01-24,47.709999084472656,45.83000183105469,47.619998931884766,46.84000015258789,1417500.0,45.21925735473633
2014-01-27,48.0,45.20000076293945,45.20000076293945,46.599998474121094,717800.0,44.98756408691406
2014-01-28,47.880001068115234,46.77000045776367,46.77000045776367,47.72999954223633,721700.0,46.07846450805664
2014-01-29,48.47999954223633,47.130001068115234,47.349998474121094,47.779998779296875,800900.0,46.12672805786133
2014-01-30,49.630001068115234,47.83000183105469,47.90999984741211,49.41999816894531,1247100.0,47.70998001098633
2014-01-31,49.959999084472656,49.029998779296875,49.25,49.349998474121094,2011100.0,47.64239501953125
2014-02-03,49.939998626708984,47.20000076293945,49.349998474121094,47.439998626708984,1184800.0,45.798492431640625
2014-02-04,48.47999954223633,47.31999969482422,47.439998626708984,48.04999923706055,891300.0,46.38738250732422
2014-02-05,48.650001525878906,47.150001525878906,47.84000015258789,47.599998474121094,823100.0,45.952964782714844
2014-02-06,49.27000045776367,47.5,47.5,49.2400016784668,1168400.0,47.53621292114258
2014-02-07,50.27000045776367,49.33000183105469,49.33000183105469,49.939998626708984,1837500.0,48.21198654174805
2014-02-10,50.119998931884766,49.45000076293945,49.9900016784668,49.84000015258789,763400.0,48.115447998046875
2014-02-11,50.40999984741211,49.33000183105469,49.72999954223633,49.88999938964844,1446100.0,48.16371536254883
2014-02-12,51.0,49.72999954223633,49.91999816894531,50.0,1405300.0,48.269920349121094
2014-02-13,50.439998626708984,49.59000015258789,49.97999954223633,50.119998931884766,695000.0,48.385765075683594
2014-02-14,50.25,49.59000015258789,50.150001525878906,49.630001068115234,891700.0,47.9127197265625
2014-02-18,50.86000061035156,49.720001220703125,49.720001220703125,50.11000061035156,2748500.0,48.3761100769043
2014-02-19,50.34000015258789,49.029998779296875,49.84000015258789,49.15999984741211,1076100.0,47.458980560302734
2014-02-20,52.779998779296875,49.099998474121094,50.22999954223633,51.52000045776367,2623600.0,49.737327575683594
2014-02-21,52.790000915527344,51.75,51.75,52.369998931884766,2198700.0,50.55790328979492
2014-02-24,53.11000061035156,52.36000061035156,52.36000061035156,52.86000061035156,667900.0,51.03095626831055
2014-02-25,54.58000183105469,52.93000030517578,53.0,54.560001373291016,1117600.0,52.67213821411133
2014-02-26,55.779998779296875,54.18000030517578,54.83000183105469,54.65999984741211,1880100.0,52.768672943115234
2014-02-27,55.529998779296875,54.209999084472656,54.689998626708984,55.349998474121094,1139900.0,53.4348030090332
2014-02-28,55.31999969482422,53.81999969482422,55.09000015258789,54.349998474121094,1198500.0,52.46939468383789
2014-03-03,54.93000030517578,53.08000183105469,54.66999816894531,53.4900016784668,659600.0,51.63915252685547
2014-03-04,55.0,53.47999954223633,53.709999084472656,54.0,1189900.0,52.13151550292969
2014-03-05,54.310001373291016,53.380001068115234,53.900001525878906,53.95000076293945,395000.0,52.08323669433594
2014-03-06,54.099998474121094,53.040000915527344,53.9900016784668,53.189998626708984,617400.0,51.34953308105469
2014-03-07,53.779998779296875,52.59000015258789,53.439998626708984,53.38999938964844,776100.0,51.54261016845703
2014-03-10,53.66999816894531,52.2400016784668,53.20000076293945,53.290000915527344,1155300.0,51.446083068847656
2014-03-11,54.79999923706055,53.45000076293945,53.4900016784668,54.5,874700.0,52.614200592041016
2014-03-12,54.7400016784668,52.77000045776367,54.41999816894531,54.279998779296875,1255500.0,52.401817321777344
2014-03-13,54.709999084472656,53.130001068115234,54.459999084472656,53.599998474121094,946400.0,51.82172775268555
2014-03-14,53.95000076293945,53.25,53.619998931884766,53.29999923706055,1071800.0,51.53168487548828
2014-03-17,53.83000183105469,52.93000030517578,53.439998626708984,52.959999084472656,1011700.0,51.20295715332031
2014-03-18,53.4900016784668,52.709999084472656,52.95000076293945,53.279998779296875,880800.0,51.51234436035156
2014-03-19,54.0,52.91999816894531,53.18000030517578,53.279998779296875,645000.0,51.51234436035156
2014-03-20,54.220001220703125,52.81999969482422,53.40999984741211,54.16999816894531,628100.0,52.3728141784668
2014-03-21,54.810001373291016,53.7400016784668,54.380001068115234,53.810001373291016,1356800.0,52.02475357055664
2014-03-24,54.22999954223633,53.040000915527344,54.0,53.470001220703125,895600.0,51.69603729248047
2014-03-25,53.900001525878906,53.16999816894531,53.70000076293945,53.209999084472656,708000.0,51.444664001464844
2014-03-26,53.5,52.0099983215332,53.31999969482422,52.040000915527344,691100.0,50.313480377197266
2014-03-27,51.970001220703125,51.189998626708984,51.869998931884766,51.45000076293945,492900.0,49.743064880371094
2014-03-28,52.439998626708984,51.540000915527344,51.619998931884766,52.15999984741211,346100.0,50.42948913574219
2014-03-31,52.58000183105469,51.90999984741211,52.380001068115234,52.16999816894531,334600.0,50.43915939331055
2014-04-01,54.060001373291016,52.290000915527344,52.439998626708984,53.91999816894531,593600.0,52.1311149597168
2014-04-02,54.810001373291016,53.59000015258789,53.91999816894531,54.66999816894531,500500.0,52.85622024536133
2014-04-03,55.0,54.58000183105469,54.77000045776367,54.95000076293945,427900.0,53.1269416809082
2014-04-04,55.349998474121094,53.0,54.81999969482422,53.72999954223633,492000.0,51.947410583496094
2014-04-07,54.0,51.529998779296875,53.709999084472656,51.619998931884766,1054200.0,49.907405853271484
2014-04-08,51.779998779296875,50.810001373291016,51.34000015258789,51.40999984741211,1213700.0,49.70438766479492
2014-04-09,51.59000015258789,51.22999954223633,51.459999084472656,51.5,1212800.0,49.79139709472656
2014-04-10,51.790000915527344,50.119998931884766,51.52000045776367,50.68000030517578,1488500.0,48.99860382080078
2014-04-11,50.900001525878906,49.86000061035156,50.529998779296875,50.0099983215332,1184600.0,48.350830078125
2014-04-14,50.61000061035156,49.18000030517578,50.279998779296875,49.77000045776367,605900.0,48.11879348754883
2014-04-15,50.43000030517578,48.93000030517578,49.880001068115234,49.959999084472656,419300.0,48.3024787902832
2014-04-16,50.720001220703125,49.84000015258789,50.15999984741211,50.22999954223633,254000.0,48.56352615356445
2014-04-17,50.540000915527344,49.43000030517578,50.06999969482422,50.150001525878906,427200.0,48.48619079589844
2014-04-21,50.650001525878906,49.599998474121094,49.97999954223633,50.630001068115234,225700.0,48.950252532958984
2014-04-22,51.150001525878906,50.36000061035156,50.709999084472656,51.0,422500.0,49.3079833984375
2014-04-23,50.959999084472656,49.97999954223633,50.88999938964844,50.400001525878906,507800.0,48.72789001464844
2014-04-24,50.779998779296875,49.720001220703125,50.619998931884766,50.2400016784668,659800.0,48.573204040527344
2014-04-25,50.38999938964844,49.369998931884766,49.95000076293945,49.540000915527344,290300.0,47.89642333984375
2014-04-28,50.08000183105469,48.45000076293945,49.84000015258789,48.81999969482422,605400.0,47.20030975341797
2014-04-29,49.43000030517578,48.459999084472656,48.959999084472656,48.900001525878906,442000.0,47.27765655517578
2014-04-30,49.459999084472656,48.439998626708984,49.0,49.349998474121094,481100.0,47.71272659301758
2014-05-01,51.86000061035156,49.47999954223633,51.0,51.25,722100.0,49.54969787597656
2014-05-02,51.7400016784668,50.25,51.18000030517578,50.70000076293945,479000.0,49.017940521240234
2014-05-05,50.52000045776367,49.56999969482422,50.279998779296875,50.060001373291016,413800.0,48.399173736572266
2014-05-06,50.15999984741211,49.54999923706055,49.95000076293945,49.88999938964844,596000.0,48.234806060791016
2014-05-07,50.31999969482422,49.34000015258789,49.88999938964844,49.93000030517578,598000.0,48.27347183227539
2014-05-08,50.400001525878906,49.11000061035156,49.599998474121094,49.36000061035156,530600.0,47.72239303588867
2014-05-09,50.15999984741211,48.66999816894531,49.20000076293945,50.0,489100.0,48.34116744995117
2014-05-12,50.84000015258789,50.04999923706055,50.04999923706055,50.47999954223633,586100.0,48.805233001708984
2014-05-13,50.720001220703125,50.33000183105469,50.5,50.47999954223633,638700.0,48.805233001708984
2014-05-14,50.43000030517578,49.7400016784668,50.29999923706055,49.790000915527344,470700.0,48.13813018798828
2014-05-15,49.7400016784668,47.97999954223633,49.52000045776367,48.290000915527344,738400.0,46.68789291381836
2014-05-16,49.43000030517578,48.150001525878906,48.31999969482422,49.279998779296875,719500.0,47.645050048828125
2014-05-19,50.36000061035156,49.27000045776367,49.29999923706055,50.209999084472656,653500.0,48.54419708251953
2014-05-20,50.540000915527344,49.75,49.869998931884766,50.5,1543600.0,48.8245735168457
2014-05-21,51.029998779296875,50.400001525878906,50.52000045776367,50.709999084472656,338500.0,49.02760314941406
2014-05-22,51.84000015258789,50.31999969482422,50.650001525878906,51.4900016784668,501100.0,49.78172302246094
2014-05-23,52.59000015258789,51.33000183105469,51.72999954223633,52.459999084472656,451800.0,50.71955871582031
2014-05-27,52.84000015258789,52.33000183105469,52.4900016784668,52.470001220703125,331600.0,50.72922134399414
2014-05-28,53.2599983215332,52.459999084472656,52.619998931884766,52.939998626708984,523700.0,51.183624267578125
2014-05-29,53.86000061035156,52.939998626708984,52.939998626708984,53.52000045776367,815600.0,51.74437713623047
2014-05-30,53.5099983215332,52.33000183105469,53.4900016784668,52.38999938964844,400300.0,50.65186309814453
2014-06-02,52.77000045776367,52.040000915527344,52.77000045776367,52.06999969482422,646500.0,50.34248733520508
2014-06-03,52.7400016784668,51.29999923706055,51.29999923706055,52.40999984741211,451900.0,50.671199798583984
2014-06-04,53.310001373291016,52.22999954223633,52.27000045776367,53.150001525878906,621100.0,51.38666915893555
2014-06-05,54.34000015258789,52.900001525878906,53.20000076293945,54.310001373291016,608900.0,52.508174896240234
2014-06-06,56.09000015258789,54.369998931884766,54.43000030517578,55.83000183105469,965400.0,53.977745056152344
2014-06-09,56.810001373291016,55.619998931884766,55.970001220703125,56.349998474121094,850400.0,54.48048782348633
2014-06-10,56.75,55.95000076293945,56.2400016784668,56.72999954223633,618100.0,54.847896575927734
2014-06-11,56.41999816894531,55.97999954223633,56.400001525878906,56.34000015258789,625600.0,54.470821380615234
2014-06-12,56.560001373291016,55.88999938964844,56.18000030517578,56.119998931884766,1780200.0,54.33527755737305
2014-06-13,56.2599983215332,55.900001525878906,56.2599983215332,56.09000015258789,545100.0,54.30623245239258
2014-06-16,57.36000061035156,55.84000015258789,55.93000030517578,57.130001068115234,634300.0,55.31315231323242
2014-06-17,57.65999984741211,56.099998474121094,56.880001068115234,57.25,1436700.0,55.42934036254883
2014-06-18,57.5,57.04999923706055,57.22999954223633,57.34000015258789,1901900.0,55.516475677490234
2014-06-19,57.7400016784668,56.040000915527344,57.33000183105469,57.27000045776367,875800.0,55.44870376586914
2014-06-20,57.779998779296875,56.880001068115234,57.13999938964844,57.619998931884766,1265000.0,55.78756332397461
2014-06-23,58.290000915527344,57.43000030517578,57.720001220703125,57.560001373291016,384500.0,55.72947692871094
2014-06-24,57.56999969482422,56.4900016784668,57.29999923706055,56.68000030517578,580300.0,54.87746810913086
2014-06-25,56.83000183105469,56.040000915527344,56.619998931884766,56.689998626708984,503900.0,54.887149810791016
2014-06-26,56.779998779296875,56.16999816894531,56.720001220703125,56.31999969482422,336500.0,54.52891159057617
2014-06-27,56.45000076293945,55.52000045776367,56.45000076293945,55.58000183105469,1105000.0,53.812442779541016
2014-06-30,56.75,55.41999816894531,55.52000045776367,56.68000030517578,609900.0,54.87746810913086
2014-07-01,57.459999084472656,56.77000045776367,56.77000045776367,57.060001373291016,424500.0,55.245384216308594
2014-07-02,57.869998931884766,57.0,57.0,57.369998931884766,484600.0,55.54551696777344
2014-07-03,57.7400016784668,57.02000045776367,57.459999084472656,57.15999984741211,138700.0,55.342193603515625
2014-07-07,57.040000915527344,55.939998626708984,57.040000915527344,56.040000915527344,274700.0,54.25782012939453
2014-07-08,56.040000915527344,54.9900016784668,56.040000915527344,55.5099983215332,424300.0,53.74467468261719
2014-07-09,56.029998779296875,55.36000061035156,55.5,55.61000061035156,342800.0,53.84149169921875
2014-07-10,55.880001068115234,54.619998931884766,54.849998474121094,55.599998474121094,496000.0,53.831809997558594
2014-07-11,56.45000076293945,55.439998626708984,55.66999816894531,56.029998779296875,269000.0,54.24813461303711
2014-07-14,56.56999969482422,55.619998931884766,56.099998474121094,55.97999954223633,426400.0,54.19971466064453
2014-07-15,56.189998626708984,55.279998779296875,55.849998474121094,55.61000061035156,306800.0,53.84149169921875
2014-07-16,56.11000061035156,55.13999938964844,55.790000915527344,55.43000030517578,417400.0,53.667213439941406
2014-07-17,55.16999816894531,54.18000030517578,55.04999923706055,54.27000045776367,408600.0,52.54411315917969
2014-07-18,55.0099983215332,54.11000061035156,54.349998474121094,54.88999938964844,300700.0,53.14438247680664
2014-07-21,55.04999923706055,54.560001373291016,54.790000915527344,54.7599983215332,265900.0,53.018524169921875
2014-07-22,55.58000183105469,54.709999084472656,55.150001525878906,54.900001525878906,242000.0,53.154075622558594
2014-07-23,55.09000015258789,54.099998474121094,54.91999816894531,54.45000076293945,362800.0,52.718387603759766
2014-07-24,55.459999084472656,54.290000915527344,54.41999816894531,54.970001220703125,412400.0,53.22184371948242
2014-07-25,55.25,54.38999938964844,54.630001068115234,55.099998474121094,473700.0,53.34770965576172
2014-07-28,55.11000061035156,53.31999969482422,55.099998474121094,53.56999969482422,513200.0,51.866371154785156
2014-07-29,53.86000061035156,52.41999816894531,53.52000045776367,52.45000076293945,582000.0,50.781986236572266
2014-07-30,53.959999084472656,52.43000030517578,52.54999923706055,53.65999984741211,799300.0,51.95350646972656
2014-07-31,52.72999954223633,49.93000030517578,50.900001525878906,51.43000030517578,1583400.0,49.79442596435547
2014-08-01,51.47999954223633,49.59000015258789,51.43000030517578,50.36000061035156,903900.0,48.75844955444336
2014-08-04,51.77000045776367,49.970001220703125,50.59000015258789,50.119998931884766,956900.0,48.52608871459961
2014-08-05,50.93000030517578,49.79999923706055,50.13999938964844,50.400001525878906,668400.0,48.79718017578125
2014-08-06,50.22999954223633,48.83000183105469,49.29999923706055,50.119998931884766,1078300.0,48.52608871459961
2014-08-07,50.630001068115234,49.599998474121094,50.5,49.869998931884766,622300.0,48.28403854370117
2014-08-08,50.720001220703125,49.91999816894531,49.91999816894531,50.61000061035156,850400.0,49.00050354003906
2014-08-11,51.029998779296875,50.279998779296875,50.7599983215332,50.36000061035156,342200.0,48.75844955444336
2014-08-12,51.119998931884766,50.279998779296875,50.290000915527344,50.959999084472656,712200.0,49.33937072753906
2014-08-13,52.279998779296875,51.060001373291016,51.060001373291016,52.2400016784668,708300.0,50.578670501708984
2014-08-14,52.36000061035156,51.66999816894531,52.22999954223633,52.02000045776367,626600.0,50.365657806396484
2014-08-15,52.93000030517578,51.83000183105469,52.33000183105469,52.2599983215332,755500.0,50.598026275634766
2014-08-18,53.20000076293945,52.16999816894531,52.5099983215332,52.63999938964844,325400.0,50.965946197509766
2014-08-19,53.40999984741211,52.22999954223633,52.79999923706055,52.61000061035156,513600.0,50.9369010925293
2014-08-20,52.90999984741211,52.27000045776367,52.630001068115234,52.52000045776367,332400.0,50.84976577758789
2014-08-21,52.77000045776367,52.11000061035156,52.630001068115234,52.13999938964844,249600.0,50.48183822631836
2014-08-22,52.119998931884766,51.7400016784668,52.04999923706055,51.970001220703125,399800.0,50.3172492980957
2014-08-25,52.560001373291016,51.90999984741211,52.220001220703125,52.470001220703125,276100.0,50.80135726928711
2014-08-26,52.58000183105469,52.09000015258789,52.470001220703125,52.380001068115234,291400.0,50.71421432495117
2014-08-27,52.2599983215332,51.650001525878906,52.2599983215332,52.0099983215332,281200.0,50.35597229003906
2014-08-28,51.790000915527344,51.209999084472656,51.72999954223633,51.54999923706055,438400.0,49.910614013671875
2014-08-29,51.75,51.2400016784668,51.54999923706055,51.43000030517578,372000.0,49.79442596435547
2014-09-02,52.29999923706055,51.459999084472656,51.529998779296875,52.27000045776367,661900.0,50.60771179199219
2014-09-03,52.880001068115234,51.97999954223633,52.63999938964844,52.189998626708984,393900.0,50.5302619934082
2014-09-04,52.84000015258789,52.06999969482422,52.279998779296875,52.33000183105469,411300.0,50.665809631347656
2014-09-05,52.650001525878906,51.90999984741211,52.470001220703125,52.47999954223633,517700.0,50.81103515625
2014-09-08,52.619998931884766,52.060001373291016,52.310001373291016,52.220001220703125,477300.0,50.55930709838867
2014-09-09,52.4900016784668,51.5099983215332,52.15999984741211,51.7400016784668,533300.0,50.09457015991211
2014-09-10,52.15999984741211,51.25,51.630001068115234,51.95000076293945,620400.0,50.29790115356445
2014-09-11,52.52000045776367,51.77000045776367,51.790000915527344,52.060001373291016,472200.0,50.40438461303711
2014-09-12,51.900001525878906,50.709999084472656,51.83000183105469,50.869998931884766,811300.0,49.32803726196289
2014-09-15,50.900001525878906,50.08000183105469,50.72999954223633,50.79999923706055,818700.0,49.26015090942383
2014-09-16,51.40999984741211,50.58000183105469,50.720001220703125,51.099998474121094,671700.0,49.55106735229492
2014-09-17,52.25,50.90999984741211,51.15999984741211,51.060001373291016,610400.0,49.51227951049805
2014-09-18,51.22999954223633,50.52000045776367,51.22999954223633,50.619998931884766,551200.0,49.085609436035156
2014-09-19,50.880001068115234,47.470001220703125,50.880001068115234,49.86000061035156,1925100.0,48.34865188598633
2014-09-22,49.81999969482422,49.16999816894531,49.65999984741211,49.20000076293945,829600.0,47.70866012573242
2014-09-23,49.470001220703125,48.540000915527344,49.04999923706055,48.91999816894531,760000.0,47.4371452331543
2014-09-24,49.209999084472656,48.810001373291016,48.900001525878906,49.0,470900.0,47.514713287353516
2014-09-25,49.0,48.060001373291016,48.77000045776367,48.209999084472656,604800.0,46.7486686706543
2014-09-26,48.529998779296875,48.189998626708984,48.25,48.400001525878906,664800.0,46.93290328979492
2014-09-29,48.540000915527344,47.790000915527344,48.02000045776367,48.0,900800.0,46.5450325012207
2014-09-30,48.0,47.310001373291016,47.900001525878906,47.63999938964844,1371500.0,46.19593811035156
2014-10-01,48.0,46.880001068115234,47.439998626708984,47.77000045776367,1083800.0,46.32200622558594
2014-10-02,48.06999969482422,47.369998931884766,47.68000030517578,47.869998931884766,2127100.0,46.418975830078125
2014-10-03,49.209999084472656,48.58000183105469,48.83000183105469,49.13999938964844,968600.0,47.650474548339844
2014-10-06,49.470001220703125,48.470001220703125,49.20000076293945,48.59000015258789,750300.0,47.117149353027344
2014-10-07,48.369998931884766,46.58000183105469,48.369998931884766,46.59000015258789,691600.0,45.17777633666992
2014-10-08,47.279998779296875,45.849998474121094,46.540000915527344,47.2400016784668,1061700.0,45.80807113647461
2014-10-09,47.38999938964844,46.540000915527344,47.38999938964844,46.70000076293945,617300.0,45.28443145751953
2014-10-10,46.970001220703125,46.20000076293945,46.58000183105469,46.25,776400.0,44.84807586669922
2014-10-13,46.47999954223633,45.279998779296875,46.220001220703125,45.31999969482422,824500.0,43.946258544921875
2014-10-14,45.88999938964844,44.81999969482422,45.5099983215332,45.060001373291016,976900.0,43.69415283203125
2014-10-15,46.0,43.810001373291016,44.560001373291016,45.720001220703125,1284600.0,44.334136962890625
2014-10-16,46.5,44.220001220703125,44.630001068115234,46.33000183105469,696500.0,44.9256591796875
2014-10-17,47.56999969482422,46.31999969482422,46.72999954223633,46.75,756800.0,45.332923889160156
2014-10-20,47.16999816894531,46.56999969482422,46.58000183105469,46.900001525878906,602400.0,45.478370666503906
2014-10-21,48.470001220703125,47.16999816894531,47.16999816894531,48.22999954223633,657200.0,46.76805877685547
2014-10-22,48.5099983215332,47.0,48.2400016784668,47.099998474121094,696000.0,45.67230224609375
2014-10-23,48.779998779296875,47.2599983215332,47.70000076293945,48.45000076293945,733300.0,46.98139190673828
2014-10-24,49.16999816894531,48.06999969482422,48.4900016784668,49.119998931884766,414700.0,47.631080627441406
2014-10-27,49.310001373291016,48.54999923706055,48.869998931884766,49.150001525878906,584000.0,47.6601676940918
2014-10-28,50.25,49.08000183105469,49.41999816894531,50.20000076293945,730600.0,48.6783447265625
2014-10-29,51.369998931884766,49.65999984741211,50.5099983215332,50.290000915527344,1184500.0,48.7656135559082
2014-10-30,53.04999923706055,49.2400016784668,50.18000030517578,52.63999938964844,1203500.0,51.04438018798828
2014-10-31,54.56999969482422,52.869998931884766,53.619998931884766,53.09000015258789,2535400.0,51.48073959350586
2014-11-03,53.59000015258789,52.90999984741211,53.15999984741211,53.43000030517578,811100.0,51.81044387817383
2014-11-04,53.84000015258789,53.09000015258789,53.38999938964844,53.119998931884766,1120800.0,51.509830474853516
2014-11-05,53.58000183105469,52.7400016784668,53.43000030517578,53.04999923706055,539900.0,51.441951751708984
2014-11-06,53.5099983215332,52.869998931884766,53.33000183105469,53.41999816894531,1041500.0,51.80073928833008
2014-11-07,53.560001373291016,52.900001525878906,53.439998626708984,52.959999084472656,1249500.0,51.35467529296875
2014-11-10,53.11000061035156,52.56999969482422,53.11000061035156,52.68000030517578,562600.0,51.083168029785156
2014-11-11,53.38999938964844,52.369998931884766,52.810001373291016,52.52000045776367,582100.0,50.92802047729492
2014-11-12,52.66999816894531,52.0099983215332,52.310001373291016,52.5,631100.0,50.90863037109375
2014-11-13,52.68000030517578,51.880001068115234,52.56999969482422,52.119998931884766,375500.0,50.54014587402344
2014-11-14,52.5099983215332,51.790000915527344,52.0,52.27000045776367,372900.0,50.685604095458984
2014-11-17,52.91999816894531,52.11000061035156,52.189998626708984,52.84000015258789,529600.0,51.23831558227539
2014-11-18,54.04999923706055,52.68000030517578,52.90999984741211,53.869998931884766,629300.0,52.237091064453125
2014-11-19,54.31999969482422,53.540000915527344,53.939998626708984,54.0,758000.0,52.3631591796875
2014-11-20,54.36000061035156,53.52000045776367,53.619998931884766,54.09000015258789,220800.0,52.450435638427734
2014-11-21,54.880001068115234,54.02000045776367,54.79999923706055,54.20000076293945,488700.0,52.55709457397461
2014-11-24,54.4900016784668,53.880001068115234,54.25,53.95000076293945,482200.0,52.31467056274414
2014-11-25,53.970001220703125,53.279998779296875,53.939998626708984,53.56999969482422,453300.0,51.946197509765625
2014-11-26,53.79999923706055,52.900001525878906,53.599998474121094,53.060001373291016,537700.0,51.4516487121582
2014-11-28,54.15999984741211,53.09000015258789,53.09000015258789,53.849998474121094,343200.0,52.21770095825195
2014-12-01,53.97999954223633,53.25,53.790000915527344,53.70000076293945,467000.0,52.0722541809082
2014-12-02,54.41999816894531,53.63999938964844,53.790000915527344,54.36000061035156,316000.0,52.712242126464844
2014-12-03,55.08000183105469,54.40999984741211,54.560001373291016,54.689998626708984,1397500.0,53.03224563598633
2014-12-04,54.9900016784668,54.400001525878906,54.720001220703125,54.59000015258789,570900.0,52.935272216796875
2014-12-05,55.61000061035156,54.59000015258789,54.810001373291016,55.54999923706055,861100.0,53.86617660522461
2014-12-08,55.90999984741211,54.599998474121094,55.560001373291016,54.90999984741211,601500.0,53.245567321777344
2014-12-09,55.08000183105469,53.86000061035156,54.029998779296875,55.0,423800.0,53.332855224609375
2014-12-10,55.099998474121094,53.970001220703125,54.689998626708984,54.150001525878906,464300.0,52.50862503051758
2014-12-11,54.970001220703125,53.58000183105469,54.06999969482422,54.189998626708984,394800.0,52.54739761352539
2014-12-12,54.13999938964844,53.619998931884766,53.689998626708984,53.810001373291016,592700.0,52.256065368652344
2014-12-15,54.40999984741211,53.349998474121094,54.0,53.70000076293945,452600.0,52.14924621582031
2014-12-16,54.099998474121094,52.959999084472656,53.599998474121094,53.43000030517578,1016300.0,51.887046813964844
2014-12-17,54.209999084472656,53.0,53.540000915527344,54.11000061035156,418500.0,52.547401428222656
2014-12-18,54.97999954223633,54.279998779296875,54.810001373291016,54.95000076293945,504700.0,53.3631477355957
2014-12-19,55.38999938964844,54.650001525878906,55.380001068115234,54.9900016784668,686900.0,53.40199279785156
2014-12-22,55.61000061035156,54.77000045776367,54.97999954223633,55.61000061035156,277900.0,54.00408935546875
2014-12-23,55.86000061035156,55.400001525878906,55.61000061035156,55.68000030517578,362700.0,54.07206726074219
2014-12-24,55.900001525878906,55.400001525878906,55.810001373291016,55.72999954223633,134000.0,54.12061309814453
2014-12-26,56.0,55.58000183105469,55.77000045776367,55.650001525878906,193000.0,54.042938232421875
2014-12-29,56.060001373291016,55.290000915527344,55.540000915527344,55.90999984741211,340600.0,54.29541778564453
2014-12-30,55.88999938964844,55.40999984741211,55.689998626708984,55.65999984741211,448600.0,54.052642822265625
2014-12-31,56.04999923706055,55.25,55.869998931884766,55.459999084472656,564100.0,53.85841369628906
2015-01-02,55.599998474121094,53.970001220703125,55.4900016784668,55.04999923706055,668800.0,53.46025466918945
2015-01-05,55.2400016784668,54.560001373291016,54.72999954223633,54.939998626708984,534600.0,53.35342788696289
2015-01-06,55.15999984741211,54.08000183105469,55.0,54.849998474121094,1337500.0,53.26603698730469
2015-01-07,56.0,54.810001373291016,55.09000015258789,55.599998474121094,718400.0,53.9943733215332
2015-01-08,56.380001068115234,55.18000030517578,55.709999084472656,56.349998474121094,893900.0,54.72270965576172
2015-01-09,56.33000183105469,55.790000915527344,56.11000061035156,55.880001068115234,539300.0,54.266292572021484
2015-01-12,55.9900016784668,54.849998474121094,55.939998626708984,54.9900016784668,336600.0,53.40199279785156
2015-01-13,56.459999084472656,54.45000076293945,55.29999923706055,55.099998474121094,520200.0,53.508811950683594
2015-01-14,55.38999938964844,54.18000030517578,54.56999969482422,55.33000183105469,544200.0,53.732173919677734
2015-01-15,55.65999984741211,53.349998474121094,55.54999923706055,53.79999923706055,1114300.0,52.24635696411133
2015-01-16,54.349998474121094,53.16999816894531,53.84000015258789,53.369998931884766,2678200.0,51.82876968383789
2015-01-20,53.91999816894531,52.59000015258789,53.439998626708984,52.790000915527344,1136000.0,51.2655143737793
2015-01-21,53.45000076293945,52.33000183105469,52.58000183105469,52.91999816894531,1614200.0,51.391761779785156
2015-01-22,54.43000030517578,52.900001525878906,53.119998931884766,54.36000061035156,894200.0,52.79017639160156
2015-01-23,55.0,54.310001373291016,54.310001373291016,54.47999954223633,403700.0,52.90671920776367
2015-01-26,54.83000183105469,53.77000045776367,54.7599983215332,53.90999984741211,702600.0,52.353172302246094
2015-01-27,54.040000915527344,53.06999969482422,53.20000076293945,53.79999923706055,476800.0,52.24635696411133
2015-01-28,55.15999984741211,53.90999984741211,54.29999923706055,54.349998474121094,695100.0,52.78046798706055
2015-01-29,54.900001525878906,53.709999084472656,54.150001525878906,54.790000915527344,456600.0,53.207767486572266
2015-01-30,54.91999816894531,53.880001068115234,54.52000045776367,54.0099983215332,591800.0,52.450286865234375
2015-02-02,54.529998779296875,53.43000030517578,54.29999923706055,54.4900016784668,1213600.0,52.91642761230469
2015-02-03,55.43000030517578,54.70000076293945,54.939998626708984,55.04999923706055,426900.0,53.46025466918945
2015-02-04,55.970001220703125,54.970001220703125,55.029998779296875,55.630001068115234,578300.0,54.02350616455078
2015-02-05,57.060001373291016,55.75,55.75,57.0,627800.0,55.35393524169922
2015-02-06,57.79999923706055,57.0099983215332,57.220001220703125,57.54999923706055,972100.0,55.88805389404297
2015-02-09,58.099998474121094,56.880001068115234,57.540000915527344,56.90999984741211,730300.0,55.266544342041016
2015-02-10,57.349998474121094,56.2599983215332,57.220001220703125,56.880001068115234,527400.0,55.23741149902344
2015-02-11,57.209999084472656,56.38999938964844,56.939998626708984,56.720001220703125,860000.0,55.08203125
2015-02-12,57.88999938964844,56.849998474121094,57.13999938964844,57.7599983215332,723800.0,56.09199142456055
2015-02-13,58.81999969482422,57.189998626708984,57.720001220703125,58.65999984741211,746300.0,56.966007232666016
2015-02-17,59.5,58.38999938964844,58.790000915527344,58.560001373291016,1336700.0,56.868896484375
2015-02-18,57.43000030517578,55.130001068115234,56.880001068115234,56.0,1721100.0,54.382816314697266
2015-02-19,57.86000061035156,55.790000915527344,55.939998626708984,57.619998931884766,1670200.0,55.956031799316406
2015-02-20,58.720001220703125,56.97999954223633,57.439998626708984,58.599998474121094,980200.0,56.907737731933594
2015-02-23,58.720001220703125,57.93000030517578,58.36000061035156,58.34000015258789,769700.0,56.655250549316406
2015-02-24,58.790000915527344,57.900001525878906,58.11000061035156,58.400001525878906,526600.0,56.71351623535156
2015-02-25,59.06999969482422,58.15999984741211,58.47999954223633,58.54999923706055,626000.0,56.85917282104492
2015-02-26,58.77000045776367,58.029998779296875,58.7400016784668,58.290000915527344,507200.0,56.606685638427734
2015-02-27,58.540000915527344,57.689998626708984,58.209999084472656,57.72999954223633,342900.0,56.062862396240234
2015-03-02,58.90999984741211,57.63999938964844,57.77000045776367,58.81999969482422,694300.0,57.12138366699219
2015-03-03,58.81999969482422,58.04999923706055,58.439998626708984,58.5,612000.0,56.81062316894531
2015-03-04,58.84000015258789,57.97999954223633,58.650001525878906,58.45000076293945,937900.0,56.76206588745117
2015-03-05,58.47999954223633,57.79999923706055,58.47999954223633,58.11000061035156,480000.0,56.43189239501953
2015-03-06,57.97999954223633,57.36000061035156,57.689998626708984,57.45000076293945,413900.0,55.79094314575195
2015-03-09,58.13999938964844,57.400001525878906,57.40999984741211,57.9900016784668,342800.0,56.315345764160156
2015-03-10,58.0099983215332,57.11000061035156,57.689998626708984,57.61000061035156,491100.0,55.94632339477539
2015-03-11,58.2599983215332,57.58000183105469,57.70000076293945,57.90999984741211,559900.0,56.237667083740234
2015-03-12,58.52000045776367,57.93000030517578,57.93000030517578,58.400001525878906,420900.0,56.71351623535156
2015-03-13,58.66999816894531,57.79999923706055,58.09000015258789,58.15999984741211,562300.0,56.57731628417969
2015-03-16,58.77000045776367,58.0099983215332,58.5099983215332,58.7400016784668,494300.0,57.14153289794922
2015-03-17,58.7400016784668,58.040000915527344,58.209999084472656,58.34000015258789,446100.0,56.75242233276367
2015-03-18,60.099998474121094,58.060001373291016,58.290000915527344,59.84000015258789,634800.0,58.21159744262695
2015-03-19,60.040000915527344,59.290000915527344,59.86000061035156,60.0099983215332,599900.0,58.37697219848633
2015-03-20,61.220001220703125,60.22999954223633,60.40999984741211,61.13999938964844,923000.0,59.476226806640625
2015-03-23,61.70000076293945,60.810001373291016,61.2400016784668,60.900001525878906,685900.0,59.242759704589844
2015-03-24,61.400001525878906,60.380001068115234,60.7400016784668,60.900001525878906,529500.0,59.242759704589844
2015-03-25,61.22999954223633,60.13999938964844,60.84000015258789,60.310001373291016,652900.0,58.668819427490234
2015-03-26,60.66999816894531,59.97999954223633,60.29999923706055,60.5099983215332,554100.0,58.863372802734375
2015-03-27,61.29999923706055,60.15999984741211,60.4900016784668,61.22999954223633,896700.0,59.563777923583984
2015-03-30,61.970001220703125,61.400001525878906,61.400001525878906,61.90999984741211,457400.0,60.22528076171875
2015-03-31,61.93000030517578,61.04999923706055,61.5,61.16999816894531,428200.0,59.505409240722656
2015-04-01,61.33000183105469,60.790000915527344,60.97999954223633,61.08000183105469,443500.0,59.41786193847656
2015-04-02,61.709999084472656,60.939998626708984,61.150001525878906,61.45000076293945,275700.0,59.777793884277344
2015-04-06,62.15999984741211,61.029998779296875,61.18000030517578,61.650001525878906,653400.0,59.97235870361328
2015-04-07,61.709999084472656,61.279998779296875,61.400001525878906,61.56999969482422,398800.0,59.89452362060547
2015-04-08,61.72999954223633,61.18000030517578,61.529998779296875,61.689998626708984,512100.0,60.01127243041992
2015-04-09,61.79999923706055,61.13999938964844,61.70000076293945,61.439998626708984,425500.0,59.76806640625
2015-04-10,61.720001220703125,60.869998931884766,61.52000045776367,61.2400016784668,559800.0,59.57350540161133
2015-04-13,61.58000183105469,60.25,61.16999816894531,60.279998779296875,438800.0,58.6396369934082
2015-04-14,60.68000030517578,59.599998474121094,60.31999969482422,59.970001220703125,681000.0,58.33807373046875
2015-04-15,60.61000061035156,60.02000045776367,60.02000045776367,60.4900016784668,443500.0,58.84392166137695
2015-04-16,60.470001220703125,59.70000076293945,60.380001068115234,60.15999984741211,350400.0,58.52289581298828
2015-04-17,59.720001220703125,58.779998779296875,59.720001220703125,59.099998474121094,462000.0,57.49174118041992
2015-04-20,59.68000030517578,59.08000183105469,59.20000076293945,59.310001373291016,403300.0,57.6960334777832
2015-04-21,59.93000030517578,59.33000183105469,59.689998626708984,59.810001373291016,326600.0,58.18241500854492
2015-04-22,60.47999954223633,59.720001220703125,59.869998931884766,60.36000061035156,485400.0,58.71745300292969
2015-04-23,60.18000030517578,59.529998779296875,60.06999969482422,59.7400016784668,1013000.0,58.11432647705078
2015-04-24,61.08000183105469,59.630001068115234,59.689998626708984,60.959999084472656,873500.0,59.301124572753906
2015-04-27,61.45000076293945,60.5,60.970001220703125,60.59000015258789,793100.0,58.94118881225586
2015-04-28,61.099998474121094,60.2400016784668,60.400001525878906,60.810001373291016,950300.0,59.155208587646484
2015-04-29,60.70000076293945,60.060001373291016,60.650001525878906,60.54999923706055,560600.0,58.902278900146484
2015-04-30,62.540000915527344,60.900001525878906,61.04999923706055,61.150001525878906,2075800.0,59.485958099365234
2015-05-01,61.810001373291016,60.18000030517578,60.619998931884766,61.45000076293945,1464200.0,59.777793884277344
2015-05-04,62.36000061035156,61.099998474121094,61.099998474121094,62.25,672200.0,60.556026458740234
2015-05-05,62.36000061035156,61.349998474121094,61.91999816894531,61.5,577100.0,59.826438903808594
2015-05-06,61.849998474121094,60.93000030517578,61.63999938964844,61.279998779296875,531600.0,59.61241912841797
2015-05-07,62.0,60.81999969482422,61.06999969482422,61.4900016784668,1243500.0,59.816707611083984
2015-05-08,62.529998779296875,61.65999984741211,62.0,62.380001068115234,874400.0,60.68248748779297
2015-05-11,63.41999816894531,62.369998931884766,62.369998931884766,63.18000030517578,1367300.0,61.46071243286133
2015-05-12,63.08000183105469,61.54999923706055,62.869998931884766,61.779998779296875,565200.0,60.098812103271484
2015-05-13,62.290000915527344,61.599998474121094,61.75,61.7400016784668,621200.0,60.059906005859375
2015-05-14,62.20000076293945,61.7599983215332,62.20000076293945,61.869998931884766,587900.0,60.186363220214844
2015-05-15,62.040000915527344,61.41999816894531,61.83000183105469,61.790000915527344,890700.0,60.108543395996094
2015-05-18,62.119998931884766,61.56999969482422,61.81999969482422,61.88999938964844,691200.0,60.20582580566406
2015-05-19,62.9900016784668,61.790000915527344,62.099998474121094,61.83000183105469,546400.0,60.14745330810547
2015-05-20,62.02000045776367,61.400001525878906,62.02000045776367,61.540000915527344,480700.0,59.86534118652344
2015-05-21,61.77000045776367,61.189998626708984,61.709999084472656,61.400001525878906,579900.0,59.72915267944336
2015-05-22,61.779998779296875,60.9900016784668,61.400001525878906,61.2599983215332,252700.0,59.592960357666016
2015-05-26,61.369998931884766,60.65999984741211,61.220001220703125,60.88999938964844,375400.0,59.233028411865234
2015-05-27,61.91999816894531,60.93000030517578,61.31999969482422,61.81999969482422,286200.0,60.137725830078125
2015-05-28,61.970001220703125,61.36000061035156,61.61000061035156,61.939998626708984,376200.0,60.25445556640625
2015-05-29,62.970001220703125,61.869998931884766,62.0099983215332,62.439998626708984,670800.0,60.7408447265625
2015-06-01,62.470001220703125,61.88999938964844,62.470001220703125,62.040000915527344,357600.0,60.35173416137695
2015-06-02,62.70000076293945,61.689998626708984,62.0,62.38999938964844,271400.0,60.69220733642578
2015-06-03,63.040000915527344,61.79999923706055,62.369998931884766,62.810001373291016,458300.0,61.10078430175781
2015-06-04,62.65999984741211,61.7400016784668,62.25,61.83000183105469,223800.0,60.14745330810547
2015-06-05,62.040000915527344,61.11000061035156,61.650001525878906,61.900001525878906,314300.0,60.21555709838867
2015-06-08,62.09000015258789,61.38999938964844,61.72999954223633,61.400001525878906,232100.0,59.72915267944336
2015-06-09,61.34000015258789,60.72999954223633,61.34000015258789,60.95000076293945,415300.0,59.291404724121094
2015-06-10,61.939998626708984,61.02000045776367,61.02000045776367,61.619998931884766,336000.0,59.94316482543945
2015-06-11,62.25,61.529998779296875,61.81999969482422,61.650001525878906,344900.0,59.97235870361328
2015-06-12,61.970001220703125,60.970001220703125,61.529998779296875,61.099998474121094,276600.0,59.53388977050781
2015-06-15,61.099998474121094,60.33000183105469,60.849998474121094,60.86000061035156,431300.0,59.3000373840332
2015-06-16,60.97999954223633,60.290000915527344,60.630001068115234,60.61000061035156,320500.0,59.05644226074219
2015-06-17,61.2400016784668,60.209999084472656,60.81999969482422,61.16999816894531,352200.0,59.602088928222656
2015-06-18,61.91999816894531,61.119998931884766,61.27000045776367,61.40999984741211,335800.0,59.835941314697266
2015-06-19,62.0099983215332,61.040000915527344,61.369998931884766,61.66999816894531,647000.0,60.08927536010742
2015-06-22,62.459999084472656,61.709999084472656,62.0,62.08000183105469,275300.0,60.488765716552734
2015-06-23,62.58000183105469,61.77000045776367,62.02000045776367,62.08000183105469,425800.0,60.488765716552734
2015-06-24,62.79999923706055,61.77000045776367,62.279998779296875,62.04999923706055,508700.0,60.45953369140625
2015-06-25,62.630001068115234,61.63999938964844,62.04999923706055,61.72999954223633,229700.0,60.14773178100586
2015-06-26,62.040000915527344,61.529998779296875,61.81999969482422,61.630001068115234,256900.0,60.0503044128418
2015-06-29,61.63999938964844,59.79999923706055,61.5099983215332,59.900001525878906,525600.0,58.36463928222656
2015-06-30,61.02000045776367,60.0099983215332,60.4900016784668,60.13999938964844,617900.0,58.59849166870117
2015-07-01,60.810001373291016,60.08000183105469,60.72999954223633,60.209999084472656,612300.0,58.66669464111328
2015-07-02,60.59000015258789,59.63999938964844,60.5,59.77000045776367,308500.0,58.23797607421875
2015-07-06,60.130001068115234,59.09000015258789,59.47999954223633,59.560001373291016,340900.0,58.033355712890625
2015-07-07,59.72999954223633,58.68000030517578,59.72999954223633,59.650001525878906,876400.0,58.12105178833008
2015-07-08,59.439998626708984,58.43000030517578,59.290000915527344,58.47999954223633,477200.0,56.981040954589844
2015-07-09,59.650001525878906,59.09000015258789,59.25,59.189998626708984,593100.0,57.6728401184082
2015-07-10,60.439998626708984,59.650001525878906,59.83000183105469,60.27000045776367,753800.0,58.725162506103516
2015-07-13,61.060001373291016,60.38999938964844,60.75,60.9900016784668,615200.0,59.42671203613281
2015-07-14,61.630001068115234,60.75,61.02000045776367,61.52000045776367,361700.0,59.9431266784668
2015-07-15,61.849998474121094,60.599998474121094,61.380001068115234,60.88999938964844,453100.0,59.32927322387695
2015-07-16,61.41999816894531,60.970001220703125,61.189998626708984,61.27000045776367,339400.0,59.69953155517578
2015-07-17,61.939998626708984,61.09000015258789,61.09000015258789,61.38999938964844,787000.0,59.81645202636719
2015-07-20,61.790000915527344,61.150001525878906,61.40999984741211,61.66999816894531,309300.0,60.08927536010742
2015-07-21,61.72999954223633,60.66999816894531,61.59000015258789,60.81999969482422,355500.0,59.26106262207031
2015-07-22,61.47999954223633,60.68000030517578,60.7599983215332,61.06999969482422,376400.0,59.50465393066406
2015-07-23,61.79999923706055,60.939998626708984,61.36000061035156,61.08000183105469,572900.0,59.514404296875
2015-07-24,61.86000061035156,61.04999923706055,61.310001373291016,61.43000030517578,728400.0,59.85543441772461
2015-07-27,61.560001373291016,60.61000061035156,61.130001068115234,61.20000076293945,1057600.0,59.631324768066406
2015-07-28,62.849998474121094,61.209999084472656,61.31999969482422,62.38999938964844,966300.0,60.79081726074219
2015-07-29,63.86000061035156,62.560001373291016,62.560001373291016,63.75,805300.0,62.115962982177734
2015-07-30,66.05000305175781,61.560001373291016,63.900001525878906,63.20000076293945,1392300.0,61.5800666809082
2015-07-31,63.939998626708984,63.060001373291016,63.68000030517578,63.220001220703125,646600.0,61.599544525146484
2015-08-03,63.310001373291016,62.380001068115234,63.220001220703125,62.689998626708984,543400.0,61.083126068115234
2015-08-04,63.060001373291016,62.439998626708984,62.79999923706055,62.630001068115234,429500.0,61.02467346191406
2015-08-05,63.66999816894531,62.58000183105469,63.310001373291016,62.880001068115234,551100.0,61.26826095581055
2015-08-06,62.93000030517578,61.90999984741211,62.88999938964844,62.290000915527344,428500.0,60.69337844848633
2015-08-07,62.70000076293945,61.849998474121094,62.2400016784668,62.66999816894531,398200.0,61.063636779785156
2015-08-10,63.529998779296875,62.88999938964844,63.04999923706055,63.380001068115234,304900.0,61.75544357299805
2015-08-11,63.189998626708984,62.720001220703125,62.880001068115234,63.15999984741211,320100.0,61.54108810424805
2015-08-12,63.08000183105469,61.900001525878906,62.79999923706055,63.06999969482422,392400.0,61.453392028808594
2015-08-13,63.470001220703125,62.58000183105469,62.95000076293945,63.290000915527344,325200.0,61.66775894165039
2015-08-14,63.630001068115234,63.040000915527344,63.25,63.599998474121094,157800.0,61.96980285644531
2015-08-17,64.69999694824219,62.97999954223633,63.560001373291016,64.68000030517578,445200.0,63.02212142944336
2015-08-18,64.86000061035156,63.2400016784668,64.66999816894531,64.56999969482422,634000.0,62.914939880371094
2015-08-19,64.41999816894531,63.65999984741211,64.05000305175781,64.2300033569336,458800.0,62.58366012573242
2015-08-20,63.650001525878906,62.560001373291016,63.54999923706055,62.599998474121094,667200.0,60.99543762207031
2015-08-21,62.150001525878906,60.369998931884766,62.150001525878906,60.380001068115234,469200.0,58.83234405517578
2015-08-24,59.41999816894531,54.34000015258789,56.880001068115234,58.560001373291016,1387800.0,57.058990478515625
2015-08-25,59.90999984741211,56.880001068115234,59.75,56.95000076293945,932100.0,55.49026107788086
2015-08-26,59.09000015258789,57.119998931884766,58.290000915527344,59.02000045776367,986000.0,57.507198333740234
2015-08-27,60.779998779296875,59.16999816894531,59.4900016784668,60.5099983215332,680100.0,58.95900344848633
2015-08-28,60.79999923706055,59.7400016784668,60.47999954223633,60.27000045776367,619300.0,58.725162506103516
2015-08-31,60.220001220703125,59.34000015258789,59.959999084472656,59.61000061035156,398000.0,58.08208084106445
2015-09-01,58.779998779296875,57.16999816894531,57.16999816894531,58.560001373291016,755700.0,57.058990478515625
2015-09-02,59.31999969482422,58.34000015258789,59.220001220703125,59.31999969482422,346100.0,57.79951477050781
2015-09-03,60.45000076293945,58.529998779296875,59.40999984741211,59.790000915527344,569200.0,58.25746536254883
2015-09-04,59.25,58.27000045776367,59.04999923706055,58.720001220703125,421400.0,57.21489334106445
2015-09-08,60.38999938964844,59.11000061035156,59.689998626708984,60.36000061035156,301200.0,58.8128547668457
2015-09-09,61.189998626708984,60.08000183105469,60.83000183105469,60.20000076293945,612100.0,58.65695571899414
2015-09-10,60.77000045776367,59.59000015258789,60.08000183105469,60.29999923706055,426200.0,58.75439453125
2015-09-11,60.66999816894531,59.58000183105469,59.91999816894531,60.630001068115234,271500.0,59.075931549072266
2015-09-14,60.7599983215332,60.15999984741211,60.439998626708984,60.720001220703125,385100.0,59.26137161254883
2015-09-15,61.810001373291016,60.540000915527344,60.93000030517578,61.63999938964844,397600.0,60.15926742553711
2015-09-16,62.08000183105469,61.08000183105469,61.4900016784668,61.810001373291016,422600.0,60.32518768310547
2015-09-17,62.81999969482422,61.470001220703125,61.709999084472656,62.040000915527344,550700.0,60.54965591430664
2015-09-18,61.97999954223633,61.0,61.400001525878906,61.119998931884766,754000.0,59.651756286621094
2015-09-21,61.93000030517578,61.130001068115234,61.45000076293945,61.720001220703125,396900.0,60.23734664916992
2015-09-22,61.2599983215332,60.13999938964844,61.06999969482422,60.369998931884766,394300.0,58.91977310180664
2015-09-23,60.66999816894531,60.060001373291016,60.599998474121094,60.59000015258789,474600.0,59.134490966796875
2015-09-24,60.29999923706055,59.45000076293945,60.099998474121094,60.18000030517578,304800.0,58.73434066772461
2015-09-25,60.599998474121094,59.52000045776367,60.529998779296875,59.63999938964844,570300.0,58.20730972290039
2015-09-28,59.380001068115234,56.75,59.380001068115234,57.2599983215332,695400.0,55.884483337402344
2015-09-29,57.40999984741211,55.619998931884766,57.22999954223633,56.06999969482422,639400.0,54.72306823730469
2015-09-30,57.7400016784668,56.310001373291016,56.52000045776367,57.65999984741211,563400.0,56.274871826171875
2015-10-01,58.59000015258789,57.06999969482422,57.95000076293945,58.560001373291016,704800.0,57.153255462646484
2015-10-02,58.099998474121094,57.04999923706055,57.97999954223633,58.08000183105469,692600.0,56.68478775024414
2015-10-05,59.650001525878906,58.40999984741211,58.45000076293945,59.0099983215332,514900.0,57.592445373535156
2015-10-06,59.68000030517578,58.36000061035156,59.150001525878906,58.650001525878906,600700.0,57.241092681884766
2015-10-07,59.689998626708984,58.779998779296875,58.869998931884766,59.63999938964844,617300.0,58.20730972290039
2015-10-08,59.880001068115234,58.88999938964844,59.38999938964844,59.7400016784668,518600.0,58.30491256713867
2015-10-09,60.43000030517578,59.38999938964844,59.810001373291016,59.66999816894531,500600.0,58.23658752441406
2015-10-12,59.88999938964844,58.9900016784668,59.689998626708984,59.13999938964844,421300.0,57.71931838989258
2015-10-13,59.52000045776367,58.33000183105469,58.900001525878906,58.86000061035156,531400.0,57.446044921875
2015-10-14,59.29999923706055,58.2599983215332,58.810001373291016,58.83000183105469,630000.0,57.416770935058594
2015-10-15,60.61000061035156,58.72999954223633,59.220001220703125,60.34000015258789,745700.0,58.89049530029297
2015-10-16,60.95000076293945,60.11000061035156,60.59000015258789,60.31999969482422,697000.0,58.870975494384766
2015-10-19,60.310001373291016,59.439998626708984,60.029998779296875,59.97999954223633,513500.0,58.53915023803711
2015-10-20,62.900001525878906,59.939998626708984,59.939998626708984,61.9900016784668,924500.0,60.500858306884766
2015-10-21,62.4900016784668,61.09000015258789,62.34000015258789,61.27000045776367,384300.0,59.798152923583984
2015-10-22,64.37999725341797,61.400001525878906,61.52000045776367,64.0,1248300.0,62.46257400512695
2015-10-23,64.43000030517578,63.599998474121094,64.37999725341797,63.72999954223633,1077000.0,62.199058532714844
2015-10-26,64.12000274658203,63.150001525878906,63.77000045776367,64.06999969482422,436500.0,62.53089141845703
2015-10-27,64.5,63.7400016784668,63.810001373291016,64.5,1020500.0,62.950565338134766
2015-10-28,65.33999633789062,63.61000061035156,64.58000183105469,65.19999694824219,1158000.0,63.63373947143555
2015-10-29,67.5,62.63999938964844,67.5,64.51000213623047,1792600.0,62.9603157043457
2015-10-30,65.66000366210938,63.959999084472656,64.58999633789062,65.16999816894531,1029100.0,63.60446548461914
2015-11-02,66.83999633789062,64.9000015258789,65.18000030517578,66.75,936900.0,65.1465072631836
2015-11-03,66.5,65.1500015258789,66.5,65.33000183105469,877300.0,63.7606315612793
2015-11-04,65.36000061035156,64.45999908447266,64.45999908447266,64.69999694824219,1181900.0,63.145755767822266
2015-11-05,64.5,63.66999816894531,63.97999954223633,64.16000366210938,1010500.0,62.618736267089844
2015-11-06,64.54000091552734,63.27000045776367,64.08000183105469,64.2699966430664,855900.0,62.7260856628418
2015-11-09,64.23999786376953,63.02000045776367,64.22000122070312,63.68000030517578,782700.0,62.15026092529297
2015-11-10,63.790000915527344,62.77000045776367,63.619998931884766,63.33000183105469,839500.0,61.808677673339844
2015-11-11,65.06999969482422,63.34000015258789,63.58000183105469,65.01000213623047,747400.0,63.44831848144531
2015-11-12,65.0999984741211,64.25,64.5,64.68000030517578,1038300.0,63.126243591308594
2015-11-13,65.0199966430664,63.65999984741211,64.62999725341797,63.689998626708984,650300.0,62.160030364990234
2015-11-16,64.87999725341797,63.59000015258789,63.9900016784668,64.72000122070312,778000.0,63.165283203125
2015-11-17,65.13999938964844,64.33999633789062,65.0,64.58999633789062,846200.0,63.03840255737305
2015-11-18,65.9000015258789,64.66999816894531,65.16999816894531,65.8499984741211,1059700.0,64.26813507080078
2015-11-19,66.76000213623047,65.43000030517578,65.9000015258789,66.68000030517578,1700800.0,65.07819366455078
2015-11-20,67.0,66.23999786376953,66.81999969482422,66.51000213623047,2377900.0,64.91226959228516
2015-11-23,66.83000183105469,65.44999694824219,66.63999938964844,65.69000244140625,777600.0,64.11199188232422
2015-11-24,65.47000122070312,64.54000091552734,65.47000122070312,65.18000030517578,988900.0,63.61421585083008
2015-11-25,66.66999816894531,65.18000030517578,65.5,66.4000015258789,634300.0,64.80491638183594
2015-11-27,67.27999877929688,66.4000015258789,66.48999786376953,67.12999725341797,274600.0,65.51737213134766
2015-11-30,67.98999786376953,67.01000213623047,67.2699966430664,67.20999908447266,1311700.0,65.595458984375
2015-12-01,68.08000183105469,67.25,67.33999633789062,68.02999877929688,899000.0,66.39576721191406
2015-12-02,68.08000183105469,67.02999877929688,67.9000015258789,67.30999755859375,643400.0,65.69306182861328
2015-12-03,67.4000015258789,65.41000366210938,67.4000015258789,66.0999984741211,578200.0,64.51212310791016
2015-12-04,67.4800033569336,65.87999725341797,66.3499984741211,67.12000274658203,660700.0,65.50762176513672
2015-12-07,67.1500015258789,66.36000061035156,66.97000122070312,66.38999938964844,534400.0,64.79515838623047
2015-12-08,66.5,65.41999816894531,65.63999938964844,65.8499984741211,464800.0,64.26813507080078
2015-12-09,66.37000274658203,64.97000122070312,65.13999938964844,65.18000030517578,577500.0,63.61421585083008
2015-12-10,65.91999816894531,64.98999786376953,65.18000030517578,65.38999938964844,571200.0,63.81918716430664
2015-12-11,65.44000244140625,64.43000030517578,64.73999786376953,64.58999633789062,518200.0,63.03840255737305
2015-12-14,64.97000122070312,63.63999938964844,64.52999877929688,64.91000366210938,810600.0,63.448951721191406
2015-12-15,65.7300033569336,64.94000244140625,65.20999908447266,65.43000030517578,582000.0,63.95724105834961
2015-12-16,66.66000366210938,65.41999816894531,65.97000122070312,66.45999908447266,611200.0,64.96405029296875
2015-12-17,66.4800033569336,65.5999984741211,66.4800033569336,65.62000274658203,586400.0,64.1429672241211
2015-12-18,65.54000091552734,63.959999084472656,65.38999938964844,64.6500015258789,1609900.0,63.194801330566406
2015-12-21,65.48999786376953,64.37999725341797,65.0,64.76000213623047,459400.0,63.30232238769531
2015-12-22,65.19999694824219,64.41999816894531,65.06999969482422,65.16999816894531,443500.0,63.70309066772461
2015-12-23,65.94000244140625,65.23999786376953,65.55000305175781,65.81999969482422,313400.0,64.33845520019531
2015-12-24,65.91999816894531,65.44000244140625,65.83999633789062,65.61000061035156,114200.0,64.1331787109375
2015-12-28,66.38999938964844,65.12000274658203,65.44999694824219,66.30999755859375,303800.0,64.81743621826172
2015-12-29,67.54000091552734,66.56999969482422,67.04000091552734,66.95999908447266,475300.0,65.45280456542969
2015-12-30,67.08999633789062,66.44999694824219,66.69999694824219,66.61000061035156,309900.0,65.11068725585938
2015-12-31,66.91999816894531,65.30999755859375,66.26000213623047,65.91999816894531,310900.0,64.43621063232422
2016-01-04,64.87999725341797,63.38999938964844,64.87999725341797,64.52999877929688,845000.0,63.0775032043457
2016-01-05,65.4000015258789,64.11000061035156,64.56999969482422,64.45999908447266,525600.0,63.00907897949219
2016-01-06,63.83000183105469,62.38999938964844,63.619998931884766,62.77000045776367,505500.0,61.35711669921875
2016-01-07,62.290000915527344,60.75,61.630001068115234,60.959999084472656,613600.0,59.58785629272461
2016-01-08,61.709999084472656,59.619998931884766,61.29999923706055,59.77000045776367,675700.0,58.42464065551758
2016-01-11,60.45000076293945,58.97999954223633,60.02000045776367,59.4900016784668,562700.0,58.150943756103516
2016-01-12,60.439998626708984,59.33000183105469,59.959999084472656,60.11000061035156,521100.0,58.75699234008789
2016-01-13,60.689998626708984,58.65999984741211,60.529998779296875,58.810001373291016,513400.0,57.48624801635742
2016-01-14,60.939998626708984,59.040000915527344,59.79999923706055,60.22999954223633,929400.0,58.87428665161133
2016-01-15,60.41999816894531,56.65999984741211,60.41999816894531,58.68000030517578,1231500.0,57.35917663574219
2016-01-19,60.209999084472656,57.279998779296875,60.04999923706055,58.0099983215332,1000000.0,56.70425796508789
2016-01-20,58.040000915527344,55.529998779296875,57.54999923706055,57.40999984741211,1355200.0,56.117767333984375
2016-01-21,57.77000045776367,55.7599983215332,57.439998626708984,57.209999084472656,1152600.0,55.922264099121094
2016-01-22,60.130001068115234,58.130001068115234,58.150001525878906,59.959999084472656,1086900.0,58.61036682128906
2016-01-25,60.349998474121094,58.83000183105469,59.689998626708984,59.189998626708984,1114700.0,57.85770034790039
2016-01-26,60.119998931884766,58.779998779296875,59.040000915527344,59.939998626708984,638000.0,58.59081268310547
2016-01-27,60.56999969482422,59.369998931884766,59.68000030517578,59.72999954223633,711800.0,58.38554382324219
2016-01-28,60.16999816894531,58.7599983215332,60.060001373291016,59.220001220703125,668100.0,57.887027740478516
2016-01-29,60.650001525878906,59.16999816894531,59.529998779296875,60.560001373291016,677700.0,59.19685745239258
2016-02-01,60.7400016784668,59.529998779296875,60.0,60.45000076293945,982600.0,59.08934020996094
2016-02-02,59.95000076293945,58.310001373291016,59.95000076293945,58.72999954223633,1217300.0,57.40804672241211
2016-02-03,59.4900016784668,57.70000076293945,59.38999938964844,59.380001068115234,897500.0,58.04342269897461
2016-02-04,60.970001220703125,59.220001220703125,59.31999969482422,59.79999923706055,541000.0,58.45397186279297
2016-02-05,60.349998474121094,56.0099983215332,59.83000183105469,56.27000045776367,1627200.0,55.003421783447266
2016-02-08,55.880001068115234,52.95000076293945,55.380001068115234,53.77000045776367,2161000.0,52.55970001220703
2016-02-09,54.95000076293945,53.189998626708984,53.33000183105469,54.279998779296875,1412100.0,53.0582160949707
2016-02-10,56.52000045776367,54.40999984741211,54.810001373291016,54.849998474121094,1245900.0,53.61538314819336
2016-02-11,58.77000045776367,54.45000076293945,56.189998626708984,56.7400016784668,2540800.0,55.46284866333008
2016-02-12,58.869998931884766,57.16999816894531,58.09000015258789,57.5,1869100.0,56.20573806762695
2016-02-16,58.810001373291016,56.880001068115234,58.380001068115234,58.5,1177600.0,57.1832275390625
2016-02-17,59.54999923706055,58.43000030517578,58.900001525878906,58.810001373291016,1186300.0,57.48624801635742
2016-02-18,59.400001525878906,58.380001068115234,59.09000015258789,58.59000015258789,987300.0,57.271202087402344
2016-02-19,58.79999923706055,57.970001220703125,58.5,58.7599983215332,2485200.0,57.4373779296875
2016-02-22,61.43000030517578,58.7599983215332,58.7599983215332,61.06999969482422,988400.0,59.69538497924805
2016-02-23,62.0,60.529998779296875,60.79999923706055,61.11000061035156,742900.0,59.73448181152344
2016-02-24,62.77000045776367,60.0099983215332,60.45000076293945,62.630001068115234,1014800.0,61.22026824951172
2016-02-25,63.869998931884766,60.599998474121094,62.720001220703125,63.79999923706055,912100.0,62.36393356323242
2016-02-26,64.5,63.130001068115234,64.0,63.880001068115234,748800.0,62.442134857177734
2016-02-29,64.23999786376953,62.939998626708984,63.91999816894531,63.0,1127900.0,61.58193588256836
2016-03-01,64.91000366210938,63.31999969482422,63.58000183105469,64.83000183105469,1140800.0,63.37075424194336
2016-03-02,64.9800033569336,64.05000305175781,64.58999633789062,64.63999938964844,674000.0,63.185020446777344
2016-03-03,64.9800033569336,64.22000122070312,64.56999969482422,64.83999633789062,695300.0,63.380523681640625
2016-03-04,65.0,63.84000015258789,64.83000183105469,63.939998626708984,836800.0,62.50078201293945
2016-03-07,63.959999084472656,62.97999954223633,63.59000015258789,63.4900016784668,913100.0,62.060916900634766
2016-03-08,63.36000061035156,62.43000030517578,63.08000183105469,62.95000076293945,972300.0,61.53306579589844
2016-03-09,63.68000030517578,62.869998931884766,63.43000030517578,63.31999969482422,479000.0,61.89473342895508
2016-03-10,64.11000061035156,62.630001068115234,63.54999923706055,63.099998474121094,579400.0,61.6796875
2016-03-11,63.959999084472656,63.349998474121094,63.779998779296875,63.75,440100.0,62.3150520324707
2016-03-14,64.47000122070312,63.22999954223633,63.22999954223633,64.16999816894531,569500.0,62.84389877319336
2016-03-15,64.1500015258789,63.40999984741211,63.65999984741211,63.63999938964844,463000.0,62.324851989746094
2016-03-16,64.0999984741211,63.029998779296875,63.34000015258789,63.7599983215332,486900.0,62.44237518310547
2016-03-17,64.5199966430664,63.150001525878906,63.630001068115234,64.37000274658203,596200.0,63.03977584838867
2016-03-18,65.36000061035156,64.48999786376953,64.68000030517578,64.55999755859375,865700.0,63.225833892822266
2016-03-21,64.73999786376953,63.970001220703125,64.26000213623047,64.48999786376953,701500.0,63.157291412353516
2016-03-22,64.45999908447266,63.95000076293945,64.16000366210938,64.22000122070312,536600.0,62.89286422729492
2016-03-23,64.06999969482422,63.220001220703125,64.06999969482422,63.36000061035156,454600.0,62.050636291503906
2016-03-24,63.380001068115234,62.689998626708984,63.22999954223633,63.13999938964844,448100.0,61.835182189941406
2016-03-28,63.529998779296875,62.93000030517578,63.33000183105469,63.369998931884766,313000.0,62.060428619384766
2016-03-29,63.810001373291016,62.959999084472656,63.40999984741211,63.63999938964844,589800.0,62.324851989746094
2016-03-30,63.939998626708984,63.040000915527344,63.81999969482422,63.84000015258789,471100.0,62.520721435546875
2016-03-31,64.29000091552734,63.459999084472656,63.79999923706055,63.709999084472656,521100.0,62.393394470214844
2016-04-01,65.5,63.08000183105469,63.470001220703125,65.37999725341797,933700.0,64.02890014648438
2016-04-04,65.83999633789062,64.66999816894531,65.37000274658203,64.86000061035156,453800.0,63.51963806152344
2016-04-05,65.22000122070312,64.06999969482422,64.55000305175781,64.69999694824219,979000.0,63.362945556640625
2016-04-06,66.27999877929688,64.68000030517578,64.86000061035156,66.20999908447266,1072000.0,64.84174346923828
2016-04-07,65.98999786376953,63.77000045776367,65.98999786376953,63.970001220703125,1018900.0,62.64802932739258
2016-04-08,64.76000213623047,63.90999984741211,64.52999877929688,64.05999755859375,429400.0,62.736175537109375
2016-04-11,64.72000122070312,63.290000915527344,64.55000305175781,63.40999984741211,577400.0,62.099605560302734
2016-04-12,63.9900016784668,63.130001068115234,63.439998626708984,63.40999984741211,572500.0,62.099605560302734
2016-04-13,64.33000183105469,63.349998474121094,63.63999938964844,64.27999877929688,746400.0,62.951622009277344
2016-04-14,64.2699966430664,63.5099983215332,64.22000122070312,63.70000076293945,463400.0,62.383609771728516
2016-04-15,63.83000183105469,63.31999969482422,63.58000183105469,63.77000045776367,340100.0,62.45216751098633
2016-04-18,64.55999755859375,63.5,63.5099983215332,64.25,315900.0,62.92224884033203
2016-04-19,64.58999633789062,63.75,64.3499984741211,63.880001068115234,457700.0,62.55989456176758
2016-04-20,64.22000122070312,63.58000183105469,63.9900016784668,63.90999984741211,350900.0,62.58927536010742
2016-04-21,64.37999725341797,63.13999938964844,63.95000076293945,63.2400016784668,359500.0,61.9331169128418
2016-04-22,64.29000091552734,63.2599983215332,63.33000183105469,64.23999786376953,557300.0,62.91244888305664
2016-04-25,64.73999786376953,63.93000030517578,64.30999755859375,64.69999694824219,534200.0,63.362945556640625
2016-04-26,65.76000213623047,64.87999725341797,65.0,65.66999816894531,778800.0,64.31289672851562
2016-04-27,66.91000366210938,65.47000122070312,65.8499984741211,66.83000183105469,994100.0,65.44892883300781
2016-04-28,66.19999694824219,63.65999984741211,63.95000076293945,65.23999786376953,1756700.0,63.89179229736328
2016-04-29,65.54000091552734,64.56999969482422,65.2300033569336,65.44999694824219,958100.0,64.09744262695312
2016-05-02,67.12000274658203,65.33999633789062,65.48999786376953,66.5,993300.0,65.1257553100586
2016-05-03,66.44000244140625,65.4000015258789,66.30000305175781,65.69000244140625,822800.0,64.33248901367188
2016-05-04,65.61000061035156,64.83000183105469,65.37000274658203,65.45999908447266,539000.0,64.10724639892578
2016-05-05,65.77999877929688,64.9000015258789,65.48999786376953,65.37000274658203,769500.0,64.01910400390625
2016-05-06,66.05000305175781,64.80000305175781,65.37000274658203,66.01000213623047,372400.0,64.64586639404297
2016-05-09,66.52999877929688,65.69000244140625,65.9800033569336,66.16999816894531,441700.0,64.80256652832031
2016-05-10,67.0199966430664,66.2699966430664,66.58000183105469,66.94000244140625,327500.0,65.55665588378906
2016-05-11,67.23999786376953,65.88999938964844,66.94000244140625,65.94000244140625,283900.0,64.57731628417969
2016-05-12,66.43000030517578,65.55000305175781,66.29000091552734,66.12999725341797,306900.0,64.7634048461914
2016-05-13,66.94000244140625,65.55999755859375,66.01000213623047,66.01000213623047,542600.0,64.64586639404297
2016-05-16,66.66999816894531,65.68000030517578,66.08000183105469,66.33999633789062,476100.0,64.96904754638672
2016-05-17,67.11000061035156,65.97000122070312,66.43000030517578,66.83000183105469,1042100.0,65.44892883300781
2016-05-18,67.44999694824219,66.22000122070312,66.7300033569336,67.18000030517578,720400.0,65.79169464111328
2016-05-19,67.41000366210938,66.47000122070312,66.68000030517578,67.20999908447266,1227900.0,65.82107543945312
2016-05-20,68.61000061035156,67.2699966430664,67.69000244140625,67.36000061035156,583100.0,65.96797180175781
2016-05-23,67.4000015258789,66.83999633789062,67.38999938964844,67.22000122070312,447400.0,65.83086395263672
2016-05-24,68.44999694824219,67.06999969482422,67.69999694824219,68.12000274658203,504500.0,66.71228790283203
2016-05-25,68.45999908447266,67.44000244140625,68.44999694824219,67.94999694824219,824900.0,66.5457763671875
2016-05-26,68.33000183105469,67.69000244140625,67.94999694824219,67.7300033569336,329900.0,66.33033752441406
2016-05-27,68.48999786376953,67.72000122070312,67.76000213623047,67.98999786376953,425500.0,66.58494567871094
2016-05-31,68.3499984741211,67.3499984741211,68.06999969482422,67.63999938964844,563700.0,66.24219512939453
2016-06-01,68.26000213623047,67.02999877929688,67.4800033569336,68.19000244140625,638100.0,66.78083038330078
2016-06-02,68.18000030517578,67.51000213623047,68.02999877929688,68.12999725341797,575400.0,66.72206115722656
2016-06-03,68.11000061035156,67.33999633789062,67.86000061035156,67.88999938964844,333500.0,66.48702239990234
2016-06-06,68.18000030517578,67.47000122070312,68.13999938964844,67.9000015258789,447700.0,66.49681854248047
2016-06-07,68.16999816894531,67.41999816894531,67.93000030517578,67.75,596600.0,66.34992218017578
2016-06-08,69.0999984741211,67.5,67.69000244140625,69.01000213623047,715400.0,67.58389282226562
2016-06-09,69.0999984741211,68.30999755859375,68.66999816894531,68.9800033569336,441900.0,67.55449676513672
2016-06-10,69.05000305175781,67.58999633789062,68.95999908447266,67.91000366210938,589100.0,66.50659942626953
2016-06-13,68.16000366210938,67.2300033569336,67.5199966430664,67.48999786376953,664700.0,66.21228790283203
2016-06-14,67.69000244140625,66.9000015258789,67.44000244140625,67.62999725341797,557100.0,66.34963989257812
2016-06-15,68.41999816894531,67.86000061035156,68.0,68.16000366210938,701500.0,66.8696060180664
2016-06-16,68.36000061035156,67.44000244140625,67.69999694824219,68.19999694824219,703900.0,66.90884399414062
2016-06-17,68.5199966430664,67.66000366210938,68.33999633789062,67.69000244140625,511300.0,66.40851593017578
2016-06-20,69.13999938964844,68.16999816894531,68.16999816894531,68.94999694824219,351200.0,67.64464569091797
2016-06-21,69.25,68.55000305175781,68.94000244140625,69.0199966430664,587500.0,67.71332550048828
2016-06-22,69.69000244140625,68.81999969482422,68.9000015258789,68.83999633789062,484800.0,67.53672790527344
2016-06-23,69.44000244140625,68.91000366210938,69.25,69.25,419700.0,67.93897247314453
2016-06-24,67.93000030517578,65.66000366210938,66.86000061035156,65.72000122070312,1093700.0,64.47581481933594
2016-06-27,65.20999908447266,63.45000076293945,65.05999755859375,64.0199966430664,1188000.0,62.8079833984375
2016-06-28,66.51000213623047,64.19999694824219,64.43000030517578,66.41000366210938,857600.0,65.15274047851562
2016-06-29,68.44999694824219,66.7699966430664,66.83999633789062,68.01000213623047,961500.0,66.72244262695312
2016-06-30,69.45999908447266,68.05000305175781,68.06999969482422,69.43000030517578,578300.0,68.11556243896484
2016-07-01,69.56999969482422,68.27999877929688,69.30000305175781,68.80000305175781,775000.0,67.49749755859375
2016-07-05,68.54000091552734,67.5199966430664,68.36000061035156,68.01000213623047,455800.0,66.72244262695312
2016-07-06,68.62000274658203,67.45999908447266,67.93000030517578,68.26000213623047,980800.0,66.96771240234375
2016-07-07,68.98999786376953,68.06999969482422,68.48999786376953,68.63999938964844,333100.0,67.34052276611328
2016-07-08,69.94999694824219,69.0199966430664,69.13999938964844,69.73999786376953,386400.0,68.41968536376953
2016-07-11,70.62999725341797,69.83999633789062,70.0,69.93000030517578,501800.0,68.60609436035156
2016-07-12,70.7699966430664,70.0999984741211,70.2300033569336,70.52999877929688,427700.0,69.19473266601562
2016-07-13,71.01000213623047,70.20999908447266,71.01000213623047,70.44000244140625,331600.0,69.1064453125
2016-07-14,71.41999816894531,70.8499984741211,71.06999969482422,71.01000213623047,462500.0,69.66565704345703
2016-07-15,71.55999755859375,70.87999725341797,71.20999908447266,71.3499984741211,363000.0,69.99922180175781
2016-07-18,71.5,70.75,71.3499984741211,70.94000244140625,291400.0,69.59697723388672
2016-07-19,71.91999816894531,70.75,70.83999633789062,71.83999633789062,802400.0,70.47993469238281
2016-07-20,72.19999694824219,71.47000122070312,71.91999816894531,71.93000030517578,317900.0,70.56822967529297
2016-07-21,71.94999694824219,71.37999725341797,71.93000030517578,71.55999755859375,255000.0,70.20521545410156
2016-07-22,72.44000244140625,71.2300033569336,71.47000122070312,72.33999633789062,471000.0,70.97047424316406
2016-07-25,71.9800033569336,71.45999908447266,71.69000244140625,71.87000274658203,389800.0,70.50936126708984
2016-07-26,72.66000366210938,71.87999725341797,71.94999694824219,72.45999908447266,579300.0,71.08819580078125
2016-07-27,72.58999633789062,71.45999908447266,72.55000305175781,71.87999725341797,758600.0,70.51917266845703
2016-07-28,73.41999816894531,72.1500015258789,72.75,72.77999877929688,841100.0,71.40213775634766
2016-07-29,73.48999786376953,72.19000244140625,72.81999969482422,72.38999938964844,961500.0,71.01952362060547
2016-08-01,72.62999725341797,71.61000061035156,71.73999786376953,72.4000015258789,632700.0,71.02934265136719
2016-08-02,72.06999969482422,70.75,70.98999786376953,71.69000244140625,618300.0,70.3327865600586
2016-08-03,71.69999694824219,70.76000213623047,71.69999694824219,71.05000305175781,720700.0,69.70489501953125
2016-08-04,71.79000091552734,70.91999816894531,71.2300033569336,71.0,658500.0,69.65583038330078
2016-08-05,71.6500015258789,71.19000244140625,71.55999755859375,71.41000366210938,650800.0,70.0580825805664
2016-08-08,71.55999755859375,70.66999816894531,71.36000061035156,70.9800033569336,672500.0,69.63622283935547
2016-08-09,71.30999755859375,70.73999786376953,71.11000061035156,71.30999755859375,716100.0,69.9599609375
2016-08-10,71.5,70.91000366210938,71.5,71.3499984741211,485200.0,69.99922180175781
2016-08-11,72.06999969482422,71.41000366210938,71.48999786376953,71.80999755859375,488700.0,70.45050048828125
2016-08-12,72.54000091552734,71.68000030517578,71.80999755859375,72.3499984741211,598100.0,70.98028564453125
2016-08-15,73.22000122070312,72.4000015258789,72.62999725341797,72.81999969482422,602800.0,71.4413833618164
2016-08-16,73.11000061035156,72.16000366210938,72.58000183105469,72.2300033569336,402000.0,70.86255645751953
2016-08-17,72.30000305175781,71.29000091552734,72.2300033569336,71.66000366210938,597800.0,70.3033447265625
2016-08-18,72.0999984741211,71.38999938964844,71.58000183105469,71.88999938964844,283400.0,70.52899169921875
2016-08-19,71.66999816894531,71.08999633789062,71.62000274658203,71.27999877929688,546800.0,69.93053436279297
2016-08-22,72.05999755859375,71.08000183105469,71.22000122070312,71.91000366210938,624900.0,70.54861450195312
2016-08-23,72.61000061035156,72.08000183105469,72.08000183105469,72.18000030517578,390100.0,70.81349182128906
2016-08-24,72.25,71.66000366210938,72.01000213623047,71.80000305175781,483800.0,70.4406967163086
2016-08-25,72.19000244140625,71.48999786376953,71.69000244140625,72.08999633789062,309800.0,70.72520446777344
2016-08-26,72.48999786376953,71.18000030517578,72.25,71.58000183105469,308500.0,70.224853515625
2016-08-29,72.16999816894531,71.43000030517578,71.69000244140625,72.0999984741211,352700.0,70.73502349853516
2016-08-30,72.12999725341797,71.06999969482422,71.93000030517578,71.26000213623047,450500.0,69.9109115600586
2016-08-31,71.48999786376953,70.69000244140625,71.08000183105469,71.22000122070312,573900.0,69.87166595458984
2016-09-01,71.87999725341797,70.72000122070312,71.31999969482422,71.83999633789062,534400.0,70.47993469238281
2016-09-02,72.55000305175781,71.91999816894531,72.05000305175781,72.38999938964844,420400.0,71.01952362060547
2016-09-06,72.75,71.68000030517578,72.36000061035156,72.06999969482422,329300.0,70.7055892944336
2016-09-07,71.94000244140625,70.5999984741211,71.9000015258789,70.88999938964844,757300.0,69.54792785644531
2016-09-08,70.91000366210938,69.72000122070312,70.68000030517578,69.87999725341797,515800.0,68.55703735351562
2016-09-09,69.63999938964844,66.83000183105469,69.36000061035156,66.83000183105469,951400.0,65.56478881835938
2016-09-12,67.63999938964844,66.70999908447266,66.7300033569336,67.37999725341797,1185200.0,66.10437774658203
2016-09-13,67.04000091552734,66.19000244140625,66.56999969482422,66.58000183105469,620800.0,65.4360580444336
2016-09-14,66.9800033569336,65.83000183105469,66.6500015258789,66.08999633789062,749300.0,64.9544677734375
2016-09-15,67.12999725341797,65.98999786376953,66.05000305175781,66.8499984741211,1714800.0,65.70140838623047
2016-09-16,66.5199966430664,66.0999984741211,66.43000030517578,66.25,989800.0,65.11172485351562
2016-09-19,67.7300033569336,66.0999984741211,66.25,67.37000274658203,1088100.0,66.21248626708984
2016-09-20,67.8499984741211,67.05999755859375,67.73999786376953,67.36000061035156,494300.0,66.20264434814453
2016-09-21,68.02999877929688,66.7699966430664,67.70999908447266,67.87999725341797,508900.0,66.71371459960938
2016-09-22,69.37999725341797,68.55999755859375,68.55999755859375,69.05000305175781,725900.0,67.86360931396484
2016-09-23,69.05000305175781,68.41999816894531,69.05000305175781,68.66999816894531,340600.0,67.49015045166016
2016-09-26,68.61000061035156,67.73999786376953,68.41999816894531,68.25,204100.0,67.07736206054688
2016-09-27,68.95999908447266,68.13999938964844,68.19000244140625,68.94000244140625,279700.0,67.75550842285156
2016-09-28,69.41999816894531,68.48999786376953,69.05000305175781,69.41000366210938,366000.0,68.2174301147461
2016-09-29,69.47000122070312,67.7699966430664,69.19000244140625,68.26000213623047,671200.0,67.08718872070312
2016-09-30,69.4000015258789,67.97000122070312,68.44000244140625,68.91000366210938,1014700.0,67.72602844238281
2016-10-03,69.0999984741211,68.16000366210938,68.66000366210938,68.16999816894531,646800.0,66.99873352050781
2016-10-04,68.44999694824219,67.19999694824219,68.20999908447266,67.37999725341797,601700.0,66.22230529785156
2016-10-05,67.86000061035156,66.8499984741211,67.7699966430664,67.55000305175781,854600.0,66.38938903808594
2016-10-06,68.11000061035156,67.2300033569336,67.5999984741211,67.94999694824219,488900.0,66.78250885009766
2016-10-07,68.16000366210938,66.62000274658203,68.16000366210938,66.87999725341797,642000.0,65.73090362548828
2016-10-10,67.63999938964844,66.9800033569336,67.11000061035156,67.27999877929688,591400.0,66.1240234375
2016-10-11,67.2300033569336,65.62000274658203,67.0,66.2300033569336,686100.0,65.09207916259766
2016-10-12,67.26000213623047,66.12999725341797,66.27999877929688,67.02999877929688,510100.0,65.87831115722656
2016-10-13,66.75,65.8499984741211,66.43000030517578,66.54000091552734,296100.0,65.39673614501953
2016-10-14,68.23999786376953,66.93000030517578,67.0199966430664,67.69000244140625,839700.0,66.52698516845703
2016-10-17,69.5,68.08000183105469,68.33000183105469,68.33999633789062,690500.0,67.16580963134766
2016-10-18,68.98999786376953,67.80999755859375,68.98999786376953,67.9000015258789,632600.0,66.7333755493164
2016-10-19,68.0,67.16999816894531,67.93000030517578,67.19999694824219,613900.0,66.04540252685547
2016-10-20,67.62000274658203,66.47000122070312,67.19000244140625,67.27999877929688,551600.0,66.1240234375
2016-10-21,67.26000213623047,65.83000183105469,66.66000366210938,67.18000030517578,759300.0,66.02574920654297
2016-10-24,68.19000244140625,67.52999877929688,67.69000244140625,67.76000213623047,619000.0,66.59577941894531
2016-10-25,67.55999755859375,65.43000030517578,67.55999755859375,65.5199966430664,822000.0,64.39427185058594
2016-10-26,65.73999786376953,65.08999633789062,65.43000030517578,65.58999633789062,1537000.0,64.46306610107422
2016-10-27,64.51000213623047,61.470001220703125,64.16000366210938,62.84000015258789,2817500.0,61.76031494140625
2016-10-28,64.75,62.650001525878906,62.650001525878906,63.59000015258789,1198500.0,62.4974250793457
2016-10-31,64.29000091552734,63.560001373291016,63.560001373291016,63.84000015258789,1601000.0,62.743133544921875
2016-11-01,64.5,62.91999816894531,63.90999984741211,63.459999084472656,2094600.0,62.369659423828125
2016-11-02,63.810001373291016,62.970001220703125,63.31999969482422,63.349998474121094,1169800.0,62.261558532714844
2016-11-03,63.880001068115234,63.06999969482422,63.400001525878906,63.290000915527344,835200.0,62.20258331298828
2016-11-04,64.69000244140625,63.310001373291016,63.47999954223633,63.63999938964844,1692900.0,62.54656982421875
2016-11-07,65.4800033569336,64.52999877929688,64.76000213623047,65.41999816894531,713500.0,64.29598236083984
2016-11-08,65.97000122070312,64.9000015258789,65.30999755859375,65.70999908447266,429900.0,64.58100891113281
2016-11-09,67.26000213623047,64.30999755859375,64.31999969482422,66.75,1052600.0,65.6031265258789
2016-11-10,69.94999694824219,67.06999969482422,67.27999877929688,69.11000061035156,1358700.0,67.9225845336914
2016-11-11,69.9000015258789,68.94999694824219,68.94999694824219,69.30999755859375,1187900.0,68.11914825439453
2016-11-14,69.44000244140625,68.38999938964844,69.37999725341797,68.58999633789062,1245600.0,67.41151428222656
2016-11-15,68.94000244140625,68.11000061035156,68.5999984741211,68.7699966430664,887500.0,67.58841705322266
2016-11-16,68.79000091552734,67.5199966430664,68.79000091552734,67.56999969482422,575400.0,66.4090576171875
2016-11-17,68.61000061035156,67.62999725341797,67.66000366210938,68.27999877929688,600200.0,67.10684204101562
2016-11-18,68.5999984741211,67.08000183105469,68.04000091552734,67.31999969482422,637200.0,66.16334533691406
2016-11-21,68.31999969482422,67.04000091552734,67.68000030517578,67.93000030517578,595800.0,66.76286315917969
2016-11-22,68.19999694824219,67.54000091552734,67.93000030517578,68.0,545500.0,66.83165740966797
2016-11-23,68.30999755859375,67.20999908447266,67.93000030517578,67.69999694824219,648100.0,66.53681182861328
2016-11-25,68.01000213623047,67.18000030517578,67.98999786376953,67.91000366210938,220900.0,66.74320983886719
2016-11-28,67.80000305175781,67.19999694824219,67.56999969482422,67.4000015258789,547800.0,66.24197387695312
2016-11-29,67.83999633789062,67.16999816894531,67.55000305175781,67.4800033569336,403100.0,66.32060241699219
2016-11-30,67.93000030517578,66.51000213623047,67.66999816894531,66.91000366210938,733100.0,65.76038360595703
2016-12-01,67.31999969482422,65.25,66.97000122070312,65.45999908447266,1391300.0,64.33531188964844
2016-12-02,65.68000030517578,64.79000091552734,65.43000030517578,64.87000274658203,621300.0,63.75544357299805
2016-12-05,65.23999786376953,64.45999908447266,65.19000244140625,64.61000061035156,789200.0,63.49990463256836
2016-12-06,65.11000061035156,64.33000183105469,64.69000244140625,65.0,854600.0,63.88320541381836
2016-12-07,65.94999694824219,64.83000183105469,65.12999725341797,65.77999877929688,1093800.0,64.64979553222656
2016-12-08,66.05999755859375,65.30000305175781,65.62999725341797,65.37999725341797,722300.0,64.25666809082031
2016-12-09,65.79000091552734,65.16999816894531,65.47000122070312,65.68000030517578,411300.0,64.551513671875
2016-12-12,65.79000091552734,64.56999969482422,65.68000030517578,65.12000274658203,658600.0,64.00113677978516
2016-12-13,65.91999816894531,65.02999877929688,65.13999938964844,65.6500015258789,776100.0,64.64115905761719
2016-12-14,66.18000030517578,65.3499984741211,65.66999816894531,65.44000244140625,770100.0,64.43437194824219
2016-12-15,65.8499984741211,64.77999877929688,65.47000122070312,64.9000015258789,774200.0,63.90267562866211
2016-12-16,65.43000030517578,64.11000061035156,65.11000061035156,64.22000122070312,1193800.0,63.233123779296875
2016-12-19,65.62000274658203,64.30000305175781,64.4800033569336,64.91000366210938,512300.0,63.91252517700195
2016-12-20,65.36000061035156,64.94000244140625,65.05999755859375,65.33000183105469,467800.0,64.32606506347656
2016-12-21,65.70999908447266,64.95999908447266,65.41000366210938,65.55000305175781,559200.0,64.54269409179688
2016-12-22,65.79000091552734,65.0999984741211,65.44999694824219,65.25,551100.0,64.24729919433594
2016-12-23,65.6500015258789,65.22000122070312,65.3499984741211,65.38999938964844,266100.0,64.38513946533203
2016-12-27,65.6500015258789,65.16000366210938,65.44999694824219,65.54000091552734,173600.0,64.5328369140625
2016-12-28,65.91000366210938,64.76000213623047,65.55999755859375,64.80000305175781,361600.0,63.80421447753906
2016-12-29,65.16000366210938,64.43000030517578,64.87000274658203,64.7699966430664,332200.0,63.7746696472168
2016-12-30,65.19999694824219,63.709999084472656,65.04000091552734,64.0,501800.0,63.016510009765625
